               epoch,      train/box_loss,      train/cls_loss,      train/dfl_loss,   metrics/precision,      metrics/recall,     metrics/mAP_0.5,metrics/mAP_0.5:0.95,        val/box_loss,        val/cls_loss,        val/dfl_loss,               x/lr0,               x/lr1,               x/lr2
                   0,              5.3171,              6.8031,              5.2777,           0.0039383,          0.00096178,          0.00042985,          0.00013628,                   0,                   0,                   0,            0.070023,           0.0033308,           0.0033308
                   1,              3.3849,              3.1252,              2.9748,             0.37165,             0.15567,             0.12182,            0.055606,                   0,                   0,                   0,            0.040001,           0.0066421,           0.0066421
                   2,              2.4477,               1.903,              1.9417,             0.46394,             0.28055,             0.24826,             0.11645,                   0,                   0,                   0,           0.0099569,           0.0099315,           0.0099315
                   3,              2.2014,              1.5842,              1.7603,              0.6003,             0.31878,              0.3417,             0.16832,                   0,                   0,                   0,            0.009901,            0.009901,            0.009901
                   4,              2.0698,              1.4093,              1.6672,             0.63091,             0.33962,             0.40179,             0.20017,                   0,                   0,                   0,            0.009901,            0.009901,            0.009901
                   5,               1.994,              1.3164,              1.6212,             0.63809,             0.37743,             0.41457,             0.21453,                   0,                   0,                   0,            0.009868,            0.009868,            0.009868
                   6,              1.9489,              1.2581,              1.5901,             0.57984,             0.45016,             0.45968,             0.23144,                   0,                   0,                   0,            0.009835,            0.009835,            0.009835
                   7,              1.9102,              1.2122,              1.5661,             0.63131,             0.42857,             0.49287,             0.25212,                   0,                   0,                   0,            0.009802,            0.009802,            0.009802
                   8,              1.8847,              1.1841,               1.551,             0.61649,             0.45198,             0.49723,             0.25444,                   0,                   0,                   0,            0.009769,            0.009769,            0.009769
                   9,              1.8621,              1.1568,              1.5373,             0.61359,             0.44014,             0.51138,             0.26081,                   0,                   0,                   0,            0.009736,            0.009736,            0.009736
                  10,              1.8425,              1.1322,              1.5248,             0.59903,             0.46867,             0.52816,             0.27133,                   0,                   0,                   0,            0.009703,            0.009703,            0.009703
                  11,              1.8187,              1.1109,              1.5138,              0.6814,             0.46695,             0.54604,             0.28642,                   0,                   0,                   0,             0.00967,             0.00967,             0.00967
                  12,              1.8081,              1.0915,              1.5033,             0.60192,             0.50894,             0.55354,             0.29209,                   0,                   0,                   0,            0.009637,            0.009637,            0.009637
                  13,              1.8008,              1.0799,               1.503,             0.66454,             0.48694,             0.56145,             0.29796,                   0,                   0,                   0,            0.009604,            0.009604,            0.009604
                  14,               1.787,              1.0703,              1.4934,             0.66119,             0.49746,             0.57288,             0.30739,                   0,                   0,                   0,            0.009571,            0.009571,            0.009571
                  15,              1.7796,              1.0616,              1.4917,             0.71315,             0.54502,             0.60469,             0.31534,                   0,                   0,                   0,            0.009538,            0.009538,            0.009538
                  16,              1.7613,               1.046,              1.4802,             0.69202,             0.57049,             0.61385,             0.32308,                   0,                   0,                   0,            0.009505,            0.009505,            0.009505
                  17,              1.7544,              1.0378,              1.4754,             0.74623,             0.55768,             0.61573,             0.32739,                   0,                   0,                   0,            0.009472,            0.009472,            0.009472
                  18,              1.7615,              1.0393,              1.4719,             0.76454,             0.53381,             0.61807,             0.33335,                   0,                   0,                   0,            0.009439,            0.009439,            0.009439
                  19,              1.7633,              1.0421,              1.4601,             0.77257,             0.55327,             0.62524,             0.34013,                   0,                   0,                   0,            0.009406,            0.009406,            0.009406
                  20,              1.7521,              1.0384,              1.4572,             0.78697,             0.56165,             0.63034,             0.34079,                   0,                   0,                   0,            0.009373,            0.009373,            0.009373
                  21,              1.7434,              1.0275,              1.4417,             0.78788,             0.56942,             0.65129,             0.35516,                   0,                   0,                   0,             0.00934,             0.00934,             0.00934
                  22,               1.738,              1.0211,              1.4397,             0.77788,             0.57988,             0.65859,             0.35857,                   0,                   0,                   0,            0.009307,            0.009307,            0.009307
                  23,              1.7281,              1.0143,              1.4326,              0.7804,             0.57152,             0.66287,             0.35619,                   0,                   0,                   0,            0.009274,            0.009274,            0.009274
                  24,              1.7279,              1.0125,              1.4294,             0.78727,             0.58117,             0.66141,             0.36219,                   0,                   0,                   0,            0.009241,            0.009241,            0.009241
                  25,              1.7205,              1.0075,              1.4207,             0.80751,             0.58212,             0.67304,             0.36729,                   0,                   0,                   0,            0.009208,            0.009208,            0.009208
                  26,              1.7162,              1.0024,              1.4209,             0.82287,             0.59776,             0.68208,             0.37891,                   0,                   0,                   0,            0.009175,            0.009175,            0.009175
                  27,              1.7113,             0.99957,              1.4176,             0.81226,             0.61559,             0.68208,              0.3779,                   0,                   0,                   0,            0.009142,            0.009142,            0.009142
                  28,              1.7051,             0.99564,              1.4166,             0.81159,             0.60805,             0.67942,             0.37669,                   0,                   0,                   0,            0.009109,            0.009109,            0.009109
                  29,              1.6996,             0.98628,              1.4131,             0.82019,             0.61167,             0.68218,              0.3809,                   0,                   0,                   0,            0.009076,            0.009076,            0.009076
                  30,              1.6986,              0.9851,              1.4106,              0.8204,             0.61463,             0.68033,             0.38405,                   0,                   0,                   0,            0.009043,            0.009043,            0.009043
                  31,              1.6952,             0.98169,              1.4079,              0.8283,             0.61325,             0.69096,             0.38462,                   0,                   0,                   0,             0.00901,             0.00901,             0.00901
                  32,              1.6898,             0.97571,              1.4037,              0.8351,              0.6065,             0.70231,             0.39109,                   0,                   0,                   0,            0.008977,            0.008977,            0.008977
                  33,              1.6837,             0.97163,              1.4013,             0.84277,             0.59896,             0.70299,             0.39384,                   0,                   0,                   0,            0.008944,            0.008944,            0.008944
                  34,              1.6779,             0.96572,               1.394,             0.82718,             0.61003,                0.71,             0.40213,                   0,                   0,                   0,            0.008911,            0.008911,            0.008911
                  35,              1.6728,             0.96087,              1.3957,             0.83723,             0.60787,             0.72488,             0.40909,                   0,                   0,                   0,            0.008878,            0.008878,            0.008878
                  36,              1.6734,             0.95712,              1.3956,             0.83487,             0.61251,             0.72861,             0.41088,                   0,                   0,                   0,            0.008845,            0.008845,            0.008845
                  37,              1.6668,              0.9557,              1.3933,             0.83861,             0.61662,             0.73017,             0.41255,                   0,                   0,                   0,            0.008812,            0.008812,            0.008812
                  38,              1.6618,             0.95066,              1.3909,             0.83722,             0.62035,             0.71661,             0.41089,                   0,                   0,                   0,            0.008779,            0.008779,            0.008779
                  39,               1.659,              0.9453,              1.3863,             0.83691,             0.61653,              0.7167,             0.41183,                   0,                   0,                   0,            0.008746,            0.008746,            0.008746
                  40,              1.6507,             0.93924,              1.3842,             0.83049,             0.62724,             0.72563,             0.41602,                   0,                   0,                   0,            0.008713,            0.008713,            0.008713
                  41,              1.6484,             0.93837,              1.3808,             0.84412,             0.61959,             0.72493,             0.41736,                   0,                   0,                   0,             0.00868,             0.00868,             0.00868
                  42,              1.6465,             0.93662,              1.3798,              0.8507,             0.61962,             0.72514,              0.4166,                   0,                   0,                   0,            0.008647,            0.008647,            0.008647
                  43,              1.6417,             0.93222,              1.3794,             0.85352,             0.61888,             0.72565,             0.41598,                   0,                   0,                   0,            0.008614,            0.008614,            0.008614
                  44,               1.638,             0.92723,              1.3765,             0.85544,             0.61486,             0.72581,             0.41769,                   0,                   0,                   0,            0.008581,            0.008581,            0.008581
                  45,              1.6367,             0.92657,              1.3753,             0.85124,             0.61551,             0.72561,             0.41925,                   0,                   0,                   0,            0.008548,            0.008548,            0.008548
                  46,              1.6267,             0.91849,               1.372,             0.85227,             0.61934,              0.7268,             0.42117,                   0,                   0,                   0,            0.008515,            0.008515,            0.008515
                  47,              1.6257,             0.91425,               1.367,             0.84117,             0.62607,             0.72993,             0.42217,                   0,                   0,                   0,            0.008482,            0.008482,            0.008482
                  48,              1.6243,             0.91253,              1.3709,             0.85174,             0.62507,             0.73219,             0.42362,                   0,                   0,                   0,            0.008449,            0.008449,            0.008449
                  49,              1.6204,             0.91121,              1.3673,             0.85091,             0.62665,             0.73271,             0.42386,                   0,                   0,                   0,            0.008416,            0.008416,            0.008416
                  50,              1.6212,             0.90983,              1.3697,             0.84833,             0.63069,             0.73286,             0.42392,                   0,                   0,                   0,            0.008383,            0.008383,            0.008383
                  51,              1.6093,             0.90315,              1.3646,             0.85167,               0.631,             0.73393,             0.42647,                   0,                   0,                   0,             0.00835,             0.00835,             0.00835
                  52,              1.6082,             0.90193,              1.3625,             0.85657,             0.63044,              0.7347,             0.42741,                   0,                   0,                   0,            0.008317,            0.008317,            0.008317
                  53,              1.6096,             0.89943,              1.3623,             0.84887,             0.63347,               0.735,             0.42793,                   0,                   0,                   0,            0.008284,            0.008284,            0.008284
                  54,              1.6103,             0.89677,               1.361,             0.84607,             0.63644,             0.73609,             0.42967,                   0,                   0,                   0,            0.008251,            0.008251,            0.008251
                  55,              1.6023,             0.89443,              1.3621,             0.84056,             0.64212,             0.73705,             0.42972,                   0,                   0,                   0,            0.008218,            0.008218,            0.008218
                  56,               1.596,             0.88912,              1.3532,             0.84359,             0.64201,             0.73757,             0.42925,                   0,                   0,                   0,            0.008185,            0.008185,            0.008185
                  57,              1.5944,             0.88784,              1.3558,             0.84445,             0.64047,             0.73784,             0.42927,                   0,                   0,                   0,            0.008152,            0.008152,            0.008152
                  58,              1.5894,             0.88391,              1.3521,             0.84506,             0.64137,             0.73844,             0.43018,                   0,                   0,                   0,            0.008119,            0.008119,            0.008119
                  59,              1.5902,             0.88277,              1.3513,             0.84981,             0.63837,             0.73883,             0.43044,                   0,                   0,                   0,            0.008086,            0.008086,            0.008086
                  60,              1.5837,             0.87984,              1.3466,             0.83928,             0.64672,             0.73921,             0.43115,                   0,                   0,                   0,            0.008053,            0.008053,            0.008053
                  61,              1.5805,             0.87532,              1.3492,             0.84075,             0.64805,             0.73943,             0.43169,                   0,                   0,                   0,             0.00802,             0.00802,             0.00802
                  62,              1.5793,             0.87781,                1.35,             0.84445,             0.64758,             0.74242,             0.43242,                   0,                   0,                   0,            0.007987,            0.007987,            0.007987
                  63,              1.5765,             0.87474,              1.3484,             0.84681,             0.64732,             0.74269,             0.43276,                   0,                   0,                   0,            0.007954,            0.007954,            0.007954
                  64,              1.5722,             0.86898,              1.3452,             0.85211,             0.64845,             0.74335,             0.43348,                   0,                   0,                   0,            0.007921,            0.007921,            0.007921
                  65,              1.5762,             0.87093,              1.3487,             0.84997,              0.6506,             0.74361,              0.4336,                   0,                   0,                   0,            0.007888,            0.007888,            0.007888
                  66,              1.5719,             0.86806,              1.3428,             0.85151,             0.65091,             0.74406,             0.43495,                   0,                   0,                   0,            0.007855,            0.007855,            0.007855
                  67,              1.5707,             0.86598,              1.3424,             0.85171,             0.65061,             0.74487,             0.43584,                   0,                   0,                   0,            0.007822,            0.007822,            0.007822
                  68,              1.5658,             0.86393,              1.3403,             0.85231,             0.65071,             0.74544,             0.43884,                   0,                   0,                   0,            0.007789,            0.007789,            0.007789
                  69,              1.5616,              0.8608,              1.3367,             0.85564,             0.64921,             0.74644,             0.43938,                   0,                   0,                   0,            0.007756,            0.007756,            0.007756
                  70,              1.5623,             0.85803,              1.3337,             0.85698,             0.64872,             0.74682,             0.44041,                   0,                   0,                   0,            0.007723,            0.007723,            0.007723
                  71,              1.5637,             0.85909,              1.3383,             0.85614,             0.64889,             0.74664,             0.44019,                   0,                   0,                   0,             0.00769,             0.00769,             0.00769
                  72,              1.5588,             0.85534,              1.3379,             0.85454,              0.6521,             0.77691,             0.44673,                   0,                   0,                   0,            0.007657,            0.007657,            0.007657
                  73,              1.5613,             0.85725,              1.3387,             0.85514,              0.6534,             0.77748,             0.44768,                   0,                   0,                   0,            0.007624,            0.007624,            0.007624
                  74,              1.5572,             0.85568,              1.3383,             0.86137,             0.64759,             0.77842,             0.44888,                   0,                   0,                   0,            0.007591,            0.007591,            0.007591
                  75,              1.5486,             0.85238,              1.3373,             0.86096,             0.64634,             0.77931,             0.44908,                   0,                   0,                   0,            0.007558,            0.007558,            0.007558
                  76,              1.5498,             0.84862,              1.3355,             0.85827,             0.64888,             0.78093,             0.44974,                   0,                   0,                   0,            0.007525,            0.007525,            0.007525
                  77,              1.5515,             0.85046,              1.3331,             0.86336,             0.64654,             0.78339,             0.45199,                   0,                   0,                   0,            0.007492,            0.007492,            0.007492
                  78,              1.5472,             0.85027,              1.3358,             0.86394,              0.6464,             0.78372,             0.45288,                   0,                   0,                   0,            0.007459,            0.007459,            0.007459
                  79,               1.542,             0.84478,              1.3268,             0.86098,             0.64613,             0.79194,             0.45725,                   0,                   0,                   0,            0.007426,            0.007426,            0.007426
                  80,              1.5432,             0.84293,              1.3308,             0.86694,             0.64528,             0.79269,             0.45815,                   0,                   0,                   0,            0.007393,            0.007393,            0.007393
                  81,              1.5438,             0.84374,              1.3323,             0.86346,             0.64662,             0.79415,             0.45873,                   0,                   0,                   0,             0.00736,             0.00736,             0.00736
                  82,               1.535,             0.84007,              1.3306,             0.87663,              0.6436,             0.79535,             0.46528,                   0,                   0,                   0,            0.007327,            0.007327,            0.007327
                  83,               1.536,             0.83727,              1.3269,              0.8732,             0.64411,              0.7959,               0.466,                   0,                   0,                   0,            0.007294,            0.007294,            0.007294
                  84,              1.5288,             0.83108,              1.3255,             0.86435,             0.64938,             0.79629,             0.46755,                   0,                   0,                   0,            0.007261,            0.007261,            0.007261
                  85,              1.5278,             0.83203,              1.3252,             0.86001,             0.65195,             0.79722,              0.4694,                   0,                   0,                   0,            0.007228,            0.007228,            0.007228
                  86,              1.5237,             0.83068,              1.3204,             0.86077,             0.65228,             0.79802,             0.47092,                   0,                   0,                   0,            0.007195,            0.007195,            0.007195
                  87,              1.5249,             0.82848,              1.3259,             0.86895,             0.64929,              0.7988,             0.47104,                   0,                   0,                   0,            0.007162,            0.007162,            0.007162
                  88,              1.5225,             0.82563,              1.3207,              0.8711,             0.64899,              0.7998,             0.47164,                   0,                   0,                   0,            0.007129,            0.007129,            0.007129
                  89,              1.5163,             0.82335,              1.3173,             0.87031,             0.64991,             0.79964,             0.47188,                   0,                   0,                   0,            0.007096,            0.007096,            0.007096
                  90,              1.5236,             0.82982,              1.3219,              0.8674,             0.65155,             0.80083,             0.47292,                   0,                   0,                   0,            0.007063,            0.007063,            0.007063
                  91,              1.5163,             0.82157,              1.3165,             0.86857,             0.65185,             0.80093,             0.46789,                   0,                   0,                   0,             0.00703,             0.00703,             0.00703
                  92,              1.5118,             0.82109,              1.3179,             0.87012,             0.65307,               0.802,             0.46834,                   0,                   0,                   0,            0.006997,            0.006997,            0.006997
                  93,              1.5099,             0.81934,               1.318,             0.87088,             0.65351,             0.80216,             0.46932,                   0,                   0,                   0,            0.006964,            0.006964,            0.006964
                  94,              1.5134,             0.81934,              1.3167,             0.87539,             0.65499,             0.80274,             0.47076,                   0,                   0,                   0,            0.006931,            0.006931,            0.006931
                  95,              1.5093,             0.81599,              1.3177,             0.86595,             0.65935,             0.80292,             0.47089,                   0,                   0,                   0,            0.006898,            0.006898,            0.006898
                  96,              1.5043,             0.81517,              1.3153,             0.86769,              0.6588,             0.80398,              0.4708,                   0,                   0,                   0,            0.006865,            0.006865,            0.006865
                  97,              1.5001,             0.81074,              1.3087,             0.86983,             0.65999,             0.80371,             0.47631,                   0,                   0,                   0,            0.006832,            0.006832,            0.006832
                  98,              1.5064,             0.81356,              1.3158,             0.87446,             0.66026,             0.80491,             0.47758,                   0,                   0,                   0,            0.006799,            0.006799,            0.006799
                  99,              1.4989,             0.81006,               1.314,              0.8807,              0.6606,             0.80608,             0.48044,                   0,                   0,                   0,            0.006766,            0.006766,            0.006766
                 100,              1.5001,             0.81127,              1.3137,             0.88101,             0.66088,             0.82881,             0.48942,                   0,                   0,                   0,            0.006733,            0.006733,            0.006733
                 101,              1.4989,             0.80938,              1.3136,             0.88375,             0.65943,              0.8298,             0.48955,                   0,                   0,                   0,              0.0067,              0.0067,              0.0067
                 102,              1.4951,             0.80607,              1.3117,             0.87993,             0.66913,             0.83077,             0.49085,                   0,                   0,                   0,            0.006667,            0.006667,            0.006667
                 103,              1.4896,              0.8033,              1.3095,             0.73208,             0.82365,             0.83145,             0.49308,                   0,                   0,                   0,            0.006634,            0.006634,            0.006634
                 104,               1.484,             0.79977,              1.3048,             0.73794,             0.82135,             0.83136,             0.49405,                   0,                   0,                   0,            0.006601,            0.006601,            0.006601
                 105,               1.489,             0.79972,              1.3055,             0.73272,             0.82097,              0.8328,             0.49498,                   0,                   0,                   0,            0.006568,            0.006568,            0.006568
                 106,              1.4838,             0.79974,              1.3043,             0.72866,             0.82148,             0.83277,             0.49808,                   0,                   0,                   0,            0.006535,            0.006535,            0.006535
                 107,              1.4824,             0.80004,              1.3036,              0.7295,             0.82209,             0.83338,              0.5079,                   0,                   0,                   0,            0.006502,            0.006502,            0.006502
                 108,              1.4768,             0.79277,              1.3018,             0.73573,             0.82268,             0.83387,             0.50841,                   0,                   0,                   0,            0.006469,            0.006469,            0.006469
                 109,              1.4781,              0.7933,              1.3025,             0.73206,             0.82337,             0.83501,             0.50907,                   0,                   0,                   0,            0.006436,            0.006436,            0.006436
                 110,               1.477,             0.79455,              1.3034,              0.7318,             0.82379,              0.8359,             0.51041,                   0,                   0,                   0,            0.006403,            0.006403,            0.006403
                 111,              1.4772,             0.79332,              1.3002,             0.73118,             0.82402,             0.83659,             0.51109,                   0,                   0,                   0,             0.00637,             0.00637,             0.00637
                 112,              1.4722,             0.79187,              1.2984,             0.73092,             0.82429,             0.83764,              0.5118,                   0,                   0,                   0,            0.006337,            0.006337,            0.006337
                 113,              1.4744,             0.79355,              1.3031,             0.74012,             0.82347,             0.83734,              0.5131,                   0,                   0,                   0,            0.006304,            0.006304,            0.006304
                 114,              1.4696,             0.78932,              1.2978,             0.75124,             0.82216,              0.8376,             0.51341,                   0,                   0,                   0,            0.006271,            0.006271,            0.006271
                 115,              1.4678,             0.78725,              1.2939,             0.76834,             0.82046,             0.83764,             0.51488,                   0,                   0,                   0,            0.006238,            0.006238,            0.006238
                 116,              1.4668,             0.78605,              1.2976,             0.78352,             0.81301,             0.83843,             0.51613,                   0,                   0,                   0,            0.006205,            0.006205,            0.006205
                 117,              1.4604,             0.78476,              1.2924,             0.78543,             0.81005,             0.83869,             0.51661,                   0,                   0,                   0,            0.006172,            0.006172,            0.006172
                 118,              1.4619,             0.78206,              1.2942,               0.784,             0.81195,             0.83907,             0.51699,                   0,                   0,                   0,            0.006139,            0.006139,            0.006139
                 119,              1.4607,              0.7842,              1.2966,             0.78725,             0.80872,             0.83993,             0.51805,                   0,                   0,                   0,            0.006106,            0.006106,            0.006106
                 120,              1.4577,             0.77739,              1.2927,             0.79372,             0.80577,             0.84021,             0.51878,                   0,                   0,                   0,            0.006073,            0.006073,            0.006073
                 121,              1.4506,             0.77634,              1.2898,             0.79659,             0.80445,             0.84033,             0.51886,                   0,                   0,                   0,             0.00604,             0.00604,             0.00604
                 122,              1.4518,             0.77388,              1.2889,             0.80394,             0.79777,             0.84096,              0.5192,                   0,                   0,                   0,            0.006007,            0.006007,            0.006007
                 123,              1.4537,             0.77739,              1.2905,             0.81001,             0.79682,             0.84161,             0.51989,                   0,                   0,                   0,            0.005974,            0.005974,            0.005974
                 124,              1.4488,              0.7748,              1.2898,             0.81915,             0.79128,             0.84217,             0.52138,                   0,                   0,                   0,            0.005941,            0.005941,            0.005941
                 125,              1.4495,             0.77279,              1.2904,             0.82778,             0.78605,             0.84252,             0.52145,                   0,                   0,                   0,            0.005908,            0.005908,            0.005908
                 126,              1.4443,             0.77051,              1.2861,             0.83188,             0.78702,             0.84239,             0.52238,                   0,                   0,                   0,            0.005875,            0.005875,            0.005875
                 127,              1.4419,             0.77052,              1.2855,             0.82758,             0.75276,             0.82027,             0.51555,                   0,                   0,                   0,            0.005842,            0.005842,            0.005842
                 128,              1.4437,             0.76891,              1.2878,             0.83428,             0.75061,             0.82079,             0.51631,                   0,                   0,                   0,            0.005809,            0.005809,            0.005809
                 129,              1.4403,              0.7693,              1.2861,             0.84733,             0.74741,             0.82114,             0.51599,                   0,                   0,                   0,            0.005776,            0.005776,            0.005776
                 130,              1.4373,             0.76555,              1.2869,             0.85441,             0.74117,             0.82088,             0.51587,                   0,                   0,                   0,            0.005743,            0.005743,            0.005743
                 131,              1.4338,             0.76361,              1.2825,              0.8598,             0.73766,             0.82162,             0.51658,                   0,                   0,                   0,             0.00571,             0.00571,             0.00571
                 132,              1.4285,             0.76042,              1.2825,             0.86687,             0.73192,             0.82176,             0.51729,                   0,                   0,                   0,            0.005677,            0.005677,            0.005677
                 133,              1.4306,             0.76146,              1.2802,             0.87101,             0.73257,              0.8226,             0.51819,                   0,                   0,                   0,            0.005644,            0.005644,            0.005644
                 134,              1.4327,             0.76444,              1.2794,              0.8747,              0.7305,             0.82279,             0.51906,                   0,                   0,                   0,            0.005611,            0.005611,            0.005611
                 135,              1.4318,             0.76076,              1.2811,             0.87408,             0.73328,             0.82375,             0.52001,                   0,                   0,                   0,            0.005578,            0.005578,            0.005578
                 136,              1.4276,             0.75926,               1.278,             0.87062,             0.73462,             0.82372,             0.52975,                   0,                   0,                   0,            0.005545,            0.005545,            0.005545
                 137,              1.4247,             0.75823,              1.2799,             0.87059,             0.73481,             0.82454,             0.53072,                   0,                   0,                   0,            0.005512,            0.005512,            0.005512
                 138,              1.4168,             0.75286,              1.2782,             0.86965,             0.73556,             0.82518,             0.53411,                   0,                   0,                   0,            0.005479,            0.005479,            0.005479
                 139,              1.4193,             0.75239,              1.2736,             0.87924,             0.72252,             0.82568,             0.53419,                   0,                   0,                   0,            0.005446,            0.005446,            0.005446
                 140,              1.4176,             0.75163,              1.2761,             0.87432,             0.72858,             0.82636,             0.52866,                   0,                   0,                   0,            0.005413,            0.005413,            0.005413
                 141,              1.4176,             0.75171,              1.2761,             0.87097,             0.72768,             0.82699,             0.52968,                   0,                   0,                   0,             0.00538,             0.00538,             0.00538
                 142,              1.4196,             0.75314,              1.2782,             0.87282,             0.72664,              0.8275,             0.52977,                   0,                   0,                   0,            0.005347,            0.005347,            0.005347
                 143,              1.4075,             0.74732,              1.2723,             0.87933,             0.71987,             0.82796,              0.5307,                   0,                   0,                   0,            0.005314,            0.005314,            0.005314
                 144,              1.4091,             0.74866,              1.2737,             0.88094,             0.71982,             0.82822,             0.53092,                   0,                   0,                   0,            0.005281,            0.005281,            0.005281
                 145,              1.4088,             0.74659,              1.2719,              0.8779,             0.72054,              0.8287,             0.53392,                   0,                   0,                   0,            0.005248,            0.005248,            0.005248
                 146,               1.411,             0.74644,              1.2717,              0.7962,             0.81015,             0.82919,              0.5322,                   0,                   0,                   0,            0.005215,            0.005215,            0.005215
                 147,              1.4062,             0.74601,               1.275,              0.7965,             0.80993,             0.82904,             0.53232,                   0,                   0,                   0,            0.005182,            0.005182,            0.005182
                 148,              1.4021,             0.74166,              1.2689,              0.7961,             0.81036,             0.82927,             0.53269,                   0,                   0,                   0,            0.005149,            0.005149,            0.005149
                 149,              1.3994,             0.74084,              1.2695,             0.87459,             0.72805,             0.82986,             0.53228,                   0,                   0,                   0,            0.005116,            0.005116,            0.005116
                 150,              1.3972,             0.73854,              1.2659,             0.87464,             0.73031,             0.82996,             0.53256,                   0,                   0,                   0,            0.005083,            0.005083,            0.005083
                 151,              1.3996,             0.73942,              1.2678,             0.86962,             0.73287,             0.83015,             0.53283,                   0,                   0,                   0,             0.00505,             0.00505,             0.00505
                 152,              1.3946,             0.73826,              1.2627,             0.87275,             0.73046,             0.83038,             0.53352,                   0,                   0,                   0,            0.005017,            0.005017,            0.005017
                 153,              1.3911,             0.73416,              1.2646,             0.87499,             0.73275,             0.83082,             0.53407,                   0,                   0,                   0,            0.004984,            0.004984,            0.004984
                 154,              1.3908,             0.73673,              1.2658,             0.86864,             0.73811,              0.8315,             0.53508,                   0,                   0,                   0,            0.004951,            0.004951,            0.004951
                 155,              1.3897,              0.7359,              1.2653,             0.86868,              0.7378,             0.83125,             0.53508,                   0,                   0,                   0,            0.004918,            0.004918,            0.004918
                 156,              1.3865,             0.73177,               1.265,             0.86908,             0.73722,             0.83165,             0.53542,                   0,                   0,                   0,            0.004885,            0.004885,            0.004885
                 157,              1.3898,             0.73425,              1.2646,             0.86865,             0.73752,             0.83161,             0.53631,                   0,                   0,                   0,            0.004852,            0.004852,            0.004852
                 158,              1.3882,             0.73161,              1.2622,             0.87066,             0.73568,              0.8321,             0.53895,                   0,                   0,                   0,            0.004819,            0.004819,            0.004819
                 159,              1.3854,             0.73123,              1.2594,             0.87584,             0.73487,             0.83228,             0.53952,                   0,                   0,                   0,            0.004786,            0.004786,            0.004786
                 160,              1.3841,             0.73198,               1.262,             0.87322,              0.7356,             0.83241,             0.53986,                   0,                   0,                   0,            0.004753,            0.004753,            0.004753
                 161,              1.3791,             0.72864,              1.2589,             0.80117,             0.81266,             0.83296,             0.54048,                   0,                   0,                   0,             0.00472,             0.00472,             0.00472
                 162,              1.3766,             0.72347,              1.2557,             0.80168,             0.81355,             0.83339,             0.54134,                   0,                   0,                   0,            0.004687,            0.004687,            0.004687
                 163,              1.3776,             0.72524,              1.2586,             0.80303,             0.81361,             0.83415,             0.54207,                   0,                   0,                   0,            0.004654,            0.004654,            0.004654
                 164,               1.374,             0.72265,              1.2572,             0.80375,             0.81332,             0.83427,             0.54039,                   0,                   0,                   0,            0.004621,            0.004621,            0.004621
                 165,              1.3769,             0.72467,              1.2578,             0.80888,             0.81234,             0.83464,              0.5459,                   0,                   0,                   0,            0.004588,            0.004588,            0.004588
                 166,              1.3715,             0.72317,              1.2562,              0.8113,              0.8116,             0.83415,             0.54639,                   0,                   0,                   0,            0.004555,            0.004555,            0.004555
                 167,              1.3652,             0.72078,              1.2566,             0.81269,             0.81108,             0.83448,             0.54204,                   0,                   0,                   0,            0.004522,            0.004522,            0.004522
                 168,              1.3671,             0.71923,              1.2559,             0.81641,             0.80957,             0.83474,             0.54236,                   0,                   0,                   0,            0.004489,            0.004489,            0.004489
                 169,              1.3689,               0.721,              1.2554,             0.90527,             0.77833,             0.85825,             0.54923,                   0,                   0,                   0,            0.004456,            0.004456,            0.004456
                 170,              1.3659,             0.71995,              1.2561,             0.90548,             0.77938,             0.85785,             0.54988,                   0,                   0,                   0,            0.004423,            0.004423,            0.004423
                 171,              1.3618,             0.71578,              1.2506,              0.9051,             0.77893,             0.85928,             0.55058,                   0,                   0,                   0,             0.00439,             0.00439,             0.00439
                 172,              1.3625,             0.71589,              1.2542,             0.90177,             0.77981,             0.85968,             0.55133,                   0,                   0,                   0,            0.004357,            0.004357,            0.004357
                 173,              1.3619,             0.71481,               1.254,             0.81619,             0.81075,             0.83741,             0.54524,                   0,                   0,                   0,            0.004324,            0.004324,            0.004324
                 174,              1.3567,             0.71365,              1.2519,             0.81496,             0.81117,             0.83653,             0.54539,                   0,                   0,                   0,            0.004291,            0.004291,            0.004291
                 175,              1.3559,             0.71155,              1.2504,             0.90121,             0.78239,             0.85928,             0.55243,                   0,                   0,                   0,            0.004258,            0.004258,            0.004258
                 176,              1.3501,             0.70655,              1.2481,             0.90068,             0.78249,             0.85928,             0.55299,                   0,                   0,                   0,            0.004225,            0.004225,            0.004225
                 177,               1.348,             0.70651,              1.2475,             0.90118,             0.78261,             0.85956,             0.55336,                   0,                   0,                   0,            0.004192,            0.004192,            0.004192
                 178,              1.3459,             0.70704,              1.2442,             0.90254,              0.7845,             0.85987,             0.55382,                   0,                   0,                   0,            0.004159,            0.004159,            0.004159
                 179,               1.345,             0.70403,              1.2474,             0.90053,             0.78582,             0.86006,             0.55408,                   0,                   0,                   0,            0.004126,            0.004126,            0.004126
                 180,              1.3438,             0.70162,              1.2435,             0.90068,             0.78571,             0.86125,             0.55425,                   0,                   0,                   0,            0.004093,            0.004093,            0.004093
                 181,              1.3382,             0.70084,              1.2423,             0.90093,              0.7873,             0.86197,             0.55503,                   0,                   0,                   0,             0.00406,             0.00406,             0.00406
                 182,              1.3436,             0.70684,              1.2453,             0.90078,             0.78926,             0.86245,             0.55646,                   0,                   0,                   0,            0.004027,            0.004027,            0.004027
                 183,              1.3384,             0.69947,               1.241,             0.90067,             0.78886,             0.86117,             0.55585,                   0,                   0,                   0,            0.003994,            0.003994,            0.003994
                 184,              1.3361,             0.70102,              1.2428,             0.90338,             0.78803,             0.86274,             0.55598,                   0,                   0,                   0,            0.003961,            0.003961,            0.003961
                 185,              1.3327,              0.6984,              1.2408,             0.90287,             0.78763,             0.86319,             0.55718,                   0,                   0,                   0,            0.003928,            0.003928,            0.003928
                 186,              1.3365,             0.69967,              1.2427,             0.90325,             0.78823,             0.86159,             0.55711,                   0,                   0,                   0,            0.003895,            0.003895,            0.003895
                 187,               1.334,              0.6956,              1.2434,             0.90399,             0.79028,             0.86195,             0.55777,                   0,                   0,                   0,            0.003862,            0.003862,            0.003862
                 188,              1.3273,             0.69557,              1.2408,             0.90452,              0.7889,             0.86265,             0.55829,                   0,                   0,                   0,            0.003829,            0.003829,            0.003829
                 189,              1.3242,             0.69227,              1.2378,             0.90531,             0.79052,             0.86257,               0.559,                   0,                   0,                   0,            0.003796,            0.003796,            0.003796
                 190,              1.3277,             0.69477,              1.2412,             0.90635,             0.78784,             0.86287,             0.55983,                   0,                   0,                   0,            0.003763,            0.003763,            0.003763
                 191,              1.3215,             0.69086,              1.2391,             0.90555,             0.78714,             0.86337,             0.56066,                   0,                   0,                   0,             0.00373,             0.00373,             0.00373
                 192,              1.3232,             0.69222,              1.2392,             0.90584,             0.78716,             0.86363,             0.56135,                   0,                   0,                   0,            0.003697,            0.003697,            0.003697
                 193,              1.3229,              0.6913,              1.2406,             0.90543,             0.78744,             0.86426,             0.56228,                   0,                   0,                   0,            0.003664,            0.003664,            0.003664
                 194,              1.3175,             0.68616,              1.2381,             0.90452,              0.7853,             0.86437,             0.56255,                   0,                   0,                   0,            0.003631,            0.003631,            0.003631
                 195,              1.3125,             0.68484,              1.2339,             0.90657,             0.78631,             0.86484,             0.56288,                   0,                   0,                   0,            0.003598,            0.003598,            0.003598
                 196,              1.3085,             0.68282,              1.2329,             0.90651,             0.78623,             0.86511,             0.56265,                   0,                   0,                   0,            0.003565,            0.003565,            0.003565
                 197,              1.3119,             0.68335,              1.2317,             0.90769,             0.78787,             0.86563,             0.56339,                   0,                   0,                   0,            0.003532,            0.003532,            0.003532
                 198,              1.3076,              0.6831,              1.2325,             0.90743,             0.78774,             0.86555,             0.56373,                   0,                   0,                   0,            0.003499,            0.003499,            0.003499
                 199,              1.3066,             0.68194,              1.2313,             0.90666,             0.78797,             0.86769,             0.56506,                   0,                   0,                   0,            0.003466,            0.003466,            0.003466
                 200,               1.301,             0.67678,              1.2281,             0.90779,             0.79076,             0.86804,             0.56488,                   0,                   0,                   0,            0.003433,            0.003433,            0.003433
                 201,              1.3013,              0.6764,              1.2271,             0.90776,              0.7909,             0.86808,             0.56875,                   0,                   0,                   0,              0.0034,              0.0034,              0.0034
                 202,              1.3026,             0.67891,              1.2317,             0.90805,               0.792,             0.86934,             0.56382,                   0,                   0,                   0,            0.003367,            0.003367,            0.003367
                 203,              1.3028,             0.67798,              1.2274,             0.90754,             0.79224,             0.86829,             0.56421,                   0,                   0,                   0,            0.003334,            0.003334,            0.003334
                 204,              1.2962,              0.6758,              1.2257,              0.9096,             0.79127,             0.86848,              0.5639,                   0,                   0,                   0,            0.003301,            0.003301,            0.003301
                 205,              1.2957,             0.67611,              1.2286,             0.91012,             0.79024,             0.86932,             0.56474,                   0,                   0,                   0,            0.003268,            0.003268,            0.003268
                 206,              1.2925,             0.67243,              1.2252,             0.90988,              0.7902,              0.8694,             0.56505,                   0,                   0,                   0,            0.003235,            0.003235,            0.003235
                 207,              1.2912,             0.67132,              1.2223,             0.90908,             0.79013,             0.86897,             0.56522,                   0,                   0,                   0,            0.003202,            0.003202,            0.003202
                 208,              1.2894,              0.6702,              1.2251,             0.90983,             0.78948,             0.86949,             0.56639,                   0,                   0,                   0,            0.003169,            0.003169,            0.003169
                 209,              1.2837,             0.66778,              1.2218,             0.91337,             0.78715,              0.8709,             0.56664,                   0,                   0,                   0,            0.003136,            0.003136,            0.003136
                 210,              1.2843,             0.66735,              1.2232,             0.91382,             0.78611,             0.87045,              0.5679,                   0,                   0,                   0,            0.003103,            0.003103,            0.003103
                 211,              1.2836,             0.66777,               1.225,             0.91549,             0.78559,             0.87129,              0.5647,                   0,                   0,                   0,             0.00307,             0.00307,             0.00307
                 212,              1.2782,             0.66336,              1.2213,             0.91593,             0.78392,              0.8716,             0.56448,                   0,                   0,                   0,            0.003037,            0.003037,            0.003037
                 213,              1.2727,              0.6611,              1.2197,             0.91674,             0.78396,             0.87203,             0.56549,                   0,                   0,                   0,            0.003004,            0.003004,            0.003004
                 214,              1.2714,             0.65928,              1.2167,             0.91763,             0.78385,             0.87236,             0.56619,                   0,                   0,                   0,            0.002971,            0.002971,            0.002971
                 215,              1.2745,             0.66235,              1.2181,             0.91696,             0.78404,             0.87229,             0.56647,                   0,                   0,                   0,            0.002938,            0.002938,            0.002938
                 216,              1.2709,             0.65934,              1.2186,             0.91705,               0.783,             0.87249,             0.56663,                   0,                   0,                   0,            0.002905,            0.002905,            0.002905
                 217,              1.2695,             0.65739,              1.2191,             0.91971,             0.77962,             0.87253,             0.56675,                   0,                   0,                   0,            0.002872,            0.002872,            0.002872
                 218,              1.2638,             0.65581,              1.2144,             0.92235,             0.77904,               0.873,             0.56728,                   0,                   0,                   0,            0.002839,            0.002839,            0.002839
                 219,              1.2653,             0.65874,               1.215,             0.92392,             0.77849,             0.87327,             0.56736,                   0,                   0,                   0,            0.002806,            0.002806,            0.002806
                 220,              1.2642,             0.65577,              1.2128,             0.92368,             0.77919,             0.87426,             0.56925,                   0,                   0,                   0,            0.002773,            0.002773,            0.002773
                 221,              1.2637,             0.65468,              1.2113,             0.92421,             0.77888,             0.87484,             0.57042,                   0,                   0,                   0,             0.00274,             0.00274,             0.00274
                 222,              1.2582,             0.65109,              1.2101,             0.92394,             0.77913,              0.8733,             0.57003,                   0,                   0,                   0,            0.002707,            0.002707,            0.002707
                 223,               1.259,             0.65469,              1.2086,             0.92501,              0.7788,             0.87486,             0.57027,                   0,                   0,                   0,            0.002674,            0.002674,            0.002674
                 224,              1.2571,             0.65121,              1.2111,             0.92562,             0.77889,             0.87528,             0.57129,                   0,                   0,                   0,            0.002641,            0.002641,            0.002641
                 225,               1.256,             0.65005,              1.2152,             0.92586,             0.77982,             0.87505,             0.57152,                   0,                   0,                   0,            0.002608,            0.002608,            0.002608
                 226,              1.2477,             0.64667,              1.2094,             0.92571,             0.77922,             0.87589,             0.57194,                   0,                   0,                   0,            0.002575,            0.002575,            0.002575
                 227,              1.2493,              0.6462,              1.2092,             0.92622,             0.77773,             0.87615,             0.57707,                   0,                   0,                   0,            0.002542,            0.002542,            0.002542
                 228,              1.2452,              0.6451,              1.2113,             0.92695,              0.7777,             0.87635,             0.57745,                   0,                   0,                   0,            0.002509,            0.002509,            0.002509
                 229,              1.2431,              0.6438,              1.2083,             0.92772,             0.77788,             0.87656,             0.57834,                   0,                   0,                   0,            0.002476,            0.002476,            0.002476
                 230,              1.2424,             0.64149,              1.2054,             0.92627,             0.77907,             0.87685,               0.578,                   0,                   0,                   0,            0.002443,            0.002443,            0.002443
                 231,              1.2437,             0.64396,              1.2067,             0.92551,             0.78012,             0.87773,             0.57783,                   0,                   0,                   0,             0.00241,             0.00241,             0.00241
                 232,              1.2446,             0.64365,              1.2108,             0.92728,             0.78155,             0.87785,             0.57828,                   0,                   0,                   0,            0.002377,            0.002377,            0.002377
                 233,              1.2345,             0.63702,              1.2014,             0.92568,             0.78313,             0.87832,             0.57863,                   0,                   0,                   0,            0.002344,            0.002344,            0.002344
                 234,              1.2332,             0.63659,              1.2053,             0.92379,              0.7842,             0.87772,             0.57931,                   0,                   0,                   0,            0.002311,            0.002311,            0.002311
                 235,               1.229,              0.6342,              1.2022,             0.91916,             0.78588,             0.87789,              0.5799,                   0,                   0,                   0,            0.002278,            0.002278,            0.002278
                 236,              1.2317,             0.63463,              1.2027,             0.92077,             0.78567,             0.87819,             0.57545,                   0,                   0,                   0,            0.002245,            0.002245,            0.002245
                 237,              1.2268,             0.63647,              1.2028,             0.92316,             0.78552,             0.87908,             0.57665,                   0,                   0,                   0,            0.002212,            0.002212,            0.002212
                 238,              1.2264,             0.63322,              1.2017,             0.92234,             0.78743,             0.87896,             0.58147,                   0,                   0,                   0,            0.002179,            0.002179,            0.002179
                 239,              1.2199,             0.62986,              1.2005,             0.91869,             0.78931,             0.88003,             0.58214,                   0,                   0,                   0,            0.002146,            0.002146,            0.002146
                 240,              1.2191,             0.63119,              1.2009,              0.9185,             0.79063,             0.88016,             0.58301,                   0,                   0,                   0,            0.002113,            0.002113,            0.002113
                 241,              1.2143,              0.6256,              1.1991,             0.91369,             0.79258,             0.88078,             0.58337,                   0,                   0,                   0,             0.00208,             0.00208,             0.00208
                 242,               1.219,             0.63075,              1.2006,              0.9123,             0.79301,             0.88087,             0.58361,                   0,                   0,                   0,            0.002047,            0.002047,            0.002047
                 243,              1.2095,             0.62453,              1.1959,              0.9067,             0.79686,             0.88101,               0.583,                   0,                   0,                   0,            0.002014,            0.002014,            0.002014
                 244,              1.2098,              0.6246,              1.1964,             0.89976,             0.80295,             0.88108,             0.58335,                   0,                   0,                   0,            0.001981,            0.001981,            0.001981
                 245,              1.2015,             0.61971,              1.1936,             0.90132,             0.80311,             0.88109,              0.5838,                   0,                   0,                   0,            0.001948,            0.001948,            0.001948
                 246,              1.2056,               0.621,              1.1948,              0.8981,             0.80653,              0.8811,             0.58439,                   0,                   0,                   0,            0.001915,            0.001915,            0.001915
                 247,              1.1984,             0.61788,              1.1927,             0.89641,             0.80815,             0.88086,             0.58515,                   0,                   0,                   0,            0.001882,            0.001882,            0.001882
                 248,              1.1997,              0.6185,              1.1908,             0.90159,             0.80757,             0.88141,             0.58497,                   0,                   0,                   0,            0.001849,            0.001849,            0.001849
                 249,              1.2003,             0.61683,              1.1896,             0.90108,             0.80853,             0.88195,             0.58527,                   0,                   0,                   0,            0.001816,            0.001816,            0.001816
                 250,              1.1931,             0.61364,                1.19,             0.89982,             0.81034,             0.88207,             0.58517,                   0,                   0,                   0,            0.001783,            0.001783,            0.001783
                 251,              1.1907,             0.61148,              1.1889,             0.89771,             0.81276,             0.88192,             0.58585,                   0,                   0,                   0,             0.00175,             0.00175,             0.00175
                 252,              1.1859,             0.61116,               1.186,             0.89707,             0.81447,             0.88233,             0.58588,                   0,                   0,                   0,            0.001717,            0.001717,            0.001717
                 253,              1.1822,             0.60713,              1.1847,             0.89532,              0.8144,             0.88221,             0.58635,                   0,                   0,                   0,            0.001684,            0.001684,            0.001684
                 254,              1.1872,             0.61197,              1.1888,             0.89359,             0.81536,             0.88232,             0.58596,                   0,                   0,                   0,            0.001651,            0.001651,            0.001651
                 255,              1.1822,             0.60899,              1.1864,             0.89308,             0.81622,              0.8824,             0.58664,                   0,                   0,                   0,            0.001618,            0.001618,            0.001618
                 256,              1.1782,             0.60708,              1.1824,             0.89311,             0.81675,             0.88292,              0.5869,                   0,                   0,                   0,            0.001585,            0.001585,            0.001585
                 257,              1.1773,              0.6052,              1.1849,             0.89286,             0.81617,             0.88263,             0.58778,                   0,                   0,                   0,            0.001552,            0.001552,            0.001552
                 258,              1.1676,             0.60168,              1.1833,             0.89408,             0.81735,             0.88295,             0.58732,                   0,                   0,                   0,            0.001519,            0.001519,            0.001519
                 259,                1.17,             0.60153,              1.1827,             0.89538,             0.82013,             0.88374,             0.58829,                   0,                   0,                   0,            0.001486,            0.001486,            0.001486
                 260,               1.172,             0.60291,               1.183,             0.89652,             0.82052,             0.88421,             0.58881,                   0,                   0,                   0,            0.001453,            0.001453,            0.001453
                 261,              1.1667,             0.59918,              1.1813,             0.89804,             0.82066,             0.88407,             0.58901,                   0,                   0,                   0,             0.00142,             0.00142,             0.00142
                 262,              1.1658,             0.59869,                1.18,             0.89943,             0.81995,             0.88365,             0.58895,                   0,                   0,                   0,            0.001387,            0.001387,            0.001387
                 263,               1.161,             0.59706,              1.1817,             0.89995,             0.82034,             0.88415,             0.58962,                   0,                   0,                   0,            0.001354,            0.001354,            0.001354
                 264,              1.1556,             0.59393,              1.1752,             0.89856,             0.81999,             0.88396,             0.58949,                   0,                   0,                   0,            0.001321,            0.001321,            0.001321
                 265,              1.1497,             0.59112,              1.1765,             0.90021,             0.81946,              0.8839,             0.58977,                   0,                   0,                   0,            0.001288,            0.001288,            0.001288
                 266,              1.1505,             0.58977,              1.1759,             0.90141,             0.81886,             0.88342,             0.59038,                   0,                   0,                   0,            0.001255,            0.001255,            0.001255
                 267,              1.1514,             0.59237,              1.1767,             0.90113,             0.81485,             0.88363,             0.59052,                   0,                   0,                   0,            0.001222,            0.001222,            0.001222
                 268,              1.1504,             0.59211,              1.1731,             0.90307,             0.81489,             0.88399,             0.59048,                   0,                   0,                   0,            0.001189,            0.001189,            0.001189
                 269,              1.1415,             0.58849,              1.1724,             0.90421,              0.8152,             0.88417,             0.59099,                   0,                   0,                   0,            0.001156,            0.001156,            0.001156
                 270,              1.1399,             0.58508,              1.1712,             0.90787,             0.81397,             0.88441,             0.58661,                   0,                   0,                   0,            0.001123,            0.001123,            0.001123
                 271,              1.1395,             0.58651,              1.1713,             0.90235,             0.81681,             0.88463,             0.59173,                   0,                   0,                   0,             0.00109,             0.00109,             0.00109
                 272,              1.1346,             0.58296,              1.1704,             0.90673,             0.81605,             0.88477,             0.59191,                   0,                   0,                   0,            0.001057,            0.001057,            0.001057
                 273,              1.1335,             0.58187,              1.1708,             0.90773,              0.8165,             0.88488,             0.59232,                   0,                   0,                   0,            0.001024,            0.001024,            0.001024
                 274,              1.1293,             0.57838,              1.1683,             0.90836,             0.81659,             0.88502,             0.59237,                   0,                   0,                   0,            0.000991,            0.000991,            0.000991
                 275,              1.1271,             0.57739,              1.1667,             0.91078,               0.814,             0.88504,             0.59247,                   0,                   0,                   0,            0.000958,            0.000958,            0.000958
                 276,              1.1217,             0.57616,              1.1653,             0.91187,             0.81451,             0.88512,             0.59291,                   0,                   0,                   0,            0.000925,            0.000925,            0.000925
                 277,              1.1193,             0.57649,              1.1645,             0.91301,             0.81151,             0.88541,             0.59366,                   0,                   0,                   0,            0.000892,            0.000892,            0.000892
                 278,              1.1213,             0.57492,              1.1652,             0.91326,             0.81162,             0.88509,              0.5939,                   0,                   0,                   0,            0.000859,            0.000859,            0.000859
                 279,              1.1151,             0.57388,              1.1639,             0.91257,             0.81214,             0.88515,             0.59394,                   0,                   0,                   0,            0.000826,            0.000826,            0.000826
                 280,              1.1118,             0.57039,              1.1614,             0.91371,             0.81198,             0.88503,             0.58975,                   0,                   0,                   0,            0.000793,            0.000793,            0.000793
                 281,              1.1087,             0.56885,              1.1621,             0.91244,             0.81207,             0.88522,             0.58554,                   0,                   0,                   0,             0.00076,             0.00076,             0.00076
                 282,              1.1056,             0.56783,              1.1603,             0.91301,             0.81109,             0.88606,             0.59005,                   0,                   0,                   0,            0.000727,            0.000727,            0.000727
                 283,              1.1055,             0.56759,              1.1619,             0.91386,             0.81016,             0.88528,             0.59019,                   0,                   0,                   0,            0.000694,            0.000694,            0.000694
                 284,              1.1014,             0.56708,              1.1621,             0.91329,             0.80853,             0.88621,             0.59078,                   0,                   0,                   0,            0.000661,            0.000661,            0.000661
                 285,              1.1013,             0.56494,              1.1573,             0.91278,             0.80713,             0.88613,             0.58631,                   0,                   0,                   0,            0.000628,            0.000628,            0.000628
                 286,              1.0957,             0.56373,              1.1586,              0.9115,             0.80683,             0.88576,             0.58622,                   0,                   0,                   0,            0.000595,            0.000595,            0.000595
                 287,              1.0929,             0.56142,              1.1591,             0.91266,             0.80621,             0.88548,             0.58671,                   0,                   0,                   0,            0.000562,            0.000562,            0.000562
                 288,              1.0837,             0.55632,              1.1555,             0.91295,             0.80625,             0.88608,             0.58726,                   0,                   0,                   0,            0.000529,            0.000529,            0.000529
                 289,              1.0912,             0.56119,              1.1598,             0.91208,             0.80661,             0.88617,             0.58737,                   0,                   0,                   0,            0.000496,            0.000496,            0.000496
                 290,              1.0867,             0.55822,              1.1561,              0.9129,             0.80598,             0.88622,             0.58753,                   0,                   0,                   0,            0.000463,            0.000463,            0.000463
                 291,               1.083,             0.55534,              1.1533,             0.91287,              0.8053,             0.88643,              0.5925,                   0,                   0,                   0,             0.00043,             0.00043,             0.00043
                 292,              1.0817,             0.55477,              1.1529,             0.91541,             0.80175,             0.88658,             0.59325,                   0,                   0,                   0,            0.000397,            0.000397,            0.000397
                 293,              1.0773,             0.55351,              1.1529,             0.91758,             0.80077,             0.88689,             0.59392,                   0,                   0,                   0,            0.000364,            0.000364,            0.000364
                 294,              1.0718,             0.54975,               1.151,             0.91901,             0.79958,             0.88644,             0.59422,                   0,                   0,                   0,            0.000331,            0.000331,            0.000331
                 295,              1.0681,             0.54794,              1.1495,             0.92027,             0.79822,             0.88613,             0.59435,                   0,                   0,                   0,            0.000298,            0.000298,            0.000298
                 296,              1.0688,             0.54789,              1.1497,             0.92206,             0.79712,             0.88641,             0.59486,                   0,                   0,                   0,            0.000265,            0.000265,            0.000265
                 297,              1.0689,             0.54811,              1.1514,             0.92296,             0.79658,              0.8864,             0.59504,                   0,                   0,                   0,            0.000232,            0.000232,            0.000232
                 298,              1.0681,             0.54914,              1.1513,             0.92398,             0.79655,              0.8861,             0.59516,                   0,                   0,                   0,            0.000199,            0.000199,            0.000199
                 299,               1.064,             0.54744,              1.1513,             0.92428,             0.79604,             0.88583,             0.59515,                   0,                   0,                   0,            0.000166,            0.000166,            0.000166
